{
    "formatVersion": 1,
    "+tweakers": [],
    "+libraries": [
        {
            "name": "net.fabricmc:fabric-loader:0.6.2+build.166",
            "url": "https://maven.fabricmc.net/"
        },
        {
            "name": "net.fabricmc:yarn:1.14.4+build.12",
            "url": "https://maven.fabricmc.net/"
        },
        {
            "name": "net.fabricmc:tiny-mappings-parser:0.1.1.8",
            "url": "https://maven.fabricmc.net/"
        },
        {
            "name": "net.fabricmc:sponge-mixin:0.7.11.38",
            "url": "https://maven.fabricmc.net/"
        },
        {
            "name": "net.fabricmc:tiny-remapper:0.1.0.40",
            "url": "https://maven.fabricmc.net/"
        },
        {
            "name": "net.fabricmc:fabric-loader-sat4j:2.3.5.4",
            "url": "https://maven.fabricmc.net/"
        },
        {
            "name": "com.google.jimfs:jimfs:1.1",
            "url": "https://maven.fabricmc.net/"
        },
        {
            "name": "org.ow2.asm:asm:7.1",
            "url": "https://maven.fabricmc.net/"
        },
        {
            "name": "org.ow2.asm:asm-analysis:7.1",
            "url": "https://maven.fabricmc.net/"
        },
        {
            "name": "org.ow2.asm:asm-commons:7.1",
            "url": "https://maven.fabricmc.net/"
        },
        {
            "name": "org.ow2.asm:asm-tree:7.1",
            "url": "https://maven.fabricmc.net/"
        },
        {
            "name": "org.ow2.asm:asm-util:7.1",
            "url": "https://maven.fabricmc.net/"
        }
    ],
    "name": "FabricLoader",
    "uid": "net.fabricmc",
    "version": "1.14.4+build.12_yarn-0.6.2+build.166",
    "mainClass": "net.fabricmc.loader.launch.knot.KnotClient"
}