{
"__comment":"Made by Know2Good, part of the 'Default 3D' resource pack || Official download page: http://www.planetminecraft.com/texture_pack/default-3d-2985741/ || © Know2Good. All rights reserved. ",
"__comment":"OK",

"parent": "block/block_display",

"elements":[
	{
		"__comment":"Block",
		"from":[0,8,0],
		"to":[16,16,16],
		"faces": {
			"down":{	"texture":"#main","cullface":"Know2Good"},
			"up":{		"texture":"#main","cullface":"up"},
			"north":{	"texture":"#north","cullface":"north"},
			"south":{	"texture":"#south","cullface":"south"},
			"west":{	"texture":"#west","cullface":"west"},
			"east":{	"texture":"#east","cullface":"east"}
		}
	},
	{
		"__comment":"Top",
		"from":[0.001,16,0.001],
		"to":[15.01,16.75,15.01],
		"faces": {
			"up":{"uv":		[0,0,15,15],"texture":"#main","cullface":"up"},
			"north":{"uv":	[0,0,15,1],"texture":"#main","cullface":"up","rotation":180},
			"south":{"uv":	[0,14,15,15],"texture":"#main","cullface":"up"},
			"west":{"uv":	[0,0,1,15],"texture":"#main","cullface":"up","rotation":270},
			"east":{"uv":	[14,0,15,15],"texture":"#main","cullface":"up","rotation":90}
		}
	},
	{
		"__comment":"North",
		"from":[0.99,8.002,-0.75],
		"to":[15.999,15.999,0],
		"faces": {
			"down":{"uv":	[0,7,15,8],"texture":"#north","cullface":"north","rotation":180},
			"up":{"uv":		[0,0,15,1],"texture":"#north","cullface":"north","rotation":180},
			"north":{"uv":	[0,0,15,8],"texture":"#north","cullface":"north"},
			"west":{"uv":	[14,0,15,8],"texture":"#north","cullface":"north"},
			"east":{"uv":	[0,0,1,8],"texture":"#north","cullface":"north"}
		}
	},
	{
		"__comment":"East",
		"from":[16,8.002,0.99],
		"to":[16.75,15.999,15.999],
		"faces": {
			"down":{"uv":	[0,7,15,8],"texture":"#east","cullface":"east","rotation":90},
			"up":{"uv":		[0,0,15,1],"texture":"#east","cullface":"east","rotation":270},
			"north":{"uv":	[14,0,15,8],"texture":"#east","cullface":"east"},
			"south":{"uv":	[0,0,1,8],"texture":"#east","cullface":"east"},
			"east":{"uv":	[0,0,15,8],"texture":"#east","cullface":"east"}
		}
	},
	{
		"__comment":"South",
		"from":[0.001,8.002,16],
		"to":[15.01,15.999,16.75],
		"faces": {
			"down":{"uv":	[0,7,15,8],"texture":"#south","cullface":"south"},
			"up":{"uv":		[0,0,15,1],"texture":"#south","cullface":"south"},
			"south":{"uv":	[0,0,15,8],"texture":"#south","cullface":"south"},
			"west":{"uv":	[0,0,1,8],"texture":"#south","cullface":"south"},
			"east":{"uv":	[14,0,15,8],"texture":"#south","cullface":"south"}
		}
	},
	{
		"__comment":"West",
		"from":[-0.75,8.002,0.001],
		"to":[0,15.999,15.01],
		"faces": {
			"down":{"uv":	[0,7,15,8],"texture":"#west","cullface":"west","rotation":270},
			"up":{"uv":		[0,0,15,1],"texture":"#west","cullface":"west","rotation":90},
			"north":{"uv":	[0,0,1,8],"texture":"#west","cullface":"west"},
			"south":{"uv":	[14,0,15,8],"texture":"#west","cullface":"west"},
			"west":{"uv":	[0,0,15,8],"texture":"#west","cullface":"west"}
		}
	},
	{
		"__comment":"Bottom",
		"from":[0.001,7.75,0.99],
		"to":[15.01,8,15.999],
		"faces": {
			"down":{"uv":	[0,0,15,15],"texture":"#main","cullface":"Know2Good"},
			"north":{"uv":	[0,14,15,15],"texture":"#main","cullface":"Know2Good","rotation":180},
			"south":{"uv":	[0,0,15,1],"texture":"#main","cullface":"Know2Good"},
			"west":{"uv":	[0,0,1,15],"texture":"#main","cullface":"Know2Good","rotation":90},
			"east":{"uv":	[14,0,15,15],"texture":"#main","cullface":"Know2Good","rotation":270}
            }
        }
    ]
}