{
"__comment":"Made by Know2Good, part of the 'Default 3D' resource pack || Official download page: http://www.planetminecraft.com/texture_pack/default-3d-2985741/ || © Know2Good. All rights reserved. ",
"__comment":"OK",

"elements": [ 
	{
		"__comment": "Base center",
		"from": [5,1.5,5],
		"to": [11,2,11],
		"faces": {
			"down":{"uv":	[0,9,6,15],"texture":"#main","cullface":"Know2Good"},
			"up":{"uv":		[0,9,6,15],"texture":"#main","cullface":"Know2Good"},
			"north":{"uv":	[0,9,6,10],"texture":"#main","cullface":"Know2Good"},
			"south":{"uv":	[0,14,6,15],"texture":"#main","cullface":"Know2Good","rotation":180},
			"west":{"uv":	[0,9,1,15],"texture":"#main","cullface":"Know2Good","rotation":270},
			"east":{"uv":	[5,9,6,15],"texture":"#main","cullface":"Know2Good","rotation":90}
		}
	},
	{
		"__comment": "Foot north-west",
		"from": [5,1,5],
		"to": [7,2,6],
		"faces": {
			"down":{"uv":	[0,9,2,10],"texture":"#main","cullface":"Know2Good"},
			"north":{"uv":	[0,9,2,10],"texture":"#main","cullface":"Know2Good","rotation":180},
			"south":{"uv":	[0,9,2,10],"texture":"#main","cullface":"Know2Good"},
			"west":{"uv":	[0,9,1,10],"texture":"#main","cullface":"Know2Good"},
			"east":{"uv":	[1,9,2,10],"texture":"#main","cullface":"Know2Good"}
		}
	},
	{
		"__comment": "Foot north-east",
		"from": [9,1,5],
		"to": [11,2,6],
		"faces": {
			"down":{"uv":	[4,9,6,10],"texture":"#main","cullface":"Know2Good"},
			"north":{"uv":	[4,9,6,10],"texture":"#main","cullface":"Know2Good","rotation":180},
			"south":{"uv":	[4,9,6,10],"texture":"#main","cullface":"Know2Good"},
			"west":{"uv":	[4,9,5,10],"texture":"#main","cullface":"Know2Good"},
			"east":{"uv":	[5,9,6,10],"texture":"#main","cullface":"Know2Good"}
		}
	},
	{
		"__comment": "Foot north-east",
		"from": [10,1,6],
		"to": [11,2,7],
		"faces": {
			"down":{"uv":	[5,10,6,11],"texture":"#main","cullface":"Know2Good"},
			"south":{"uv":	[5,10,6,11],"texture":"#main","cullface":"Know2Good"},
			"west":{"uv":	[5,10,6,11],"texture":"#main","cullface":"Know2Good"},
			"east":{"uv":	[5,10,6,11],"texture":"#main","cullface":"Know2Good"}
		}
	},
	{
		"__comment": "Foot south-east",
		"from": [10,1,9],
		"to": [11,2,10],
		"faces": {
			"down":{"uv":	[5,13,6,14],"texture":"#main","cullface":"Know2Good"},
			"north":{"uv":	[5,13,6,14],"texture":"#main","cullface":"Know2Good"},
			"west":{"uv":	[5,13,6,14],"texture":"#main","cullface":"Know2Good"},
			"east":{"uv":	[5,13,6,14],"texture":"#main","cullface":"Know2Good"}
		}
	},
	{
		"__comment": "Foot south-east",
		"from": [9,1,10],
		"to": [11,2,11],
		"faces": {
			"down":{"uv":	[4,14,6,15],"texture":"#main","cullface":"Know2Good"},
			"north":{"uv":	[4,14,6,15],"texture":"#main","cullface":"Know2Good","rotation":180},
			"south":{"uv":	[4,14,6,15],"texture":"#main","cullface":"Know2Good"},
			"west":{"uv":	[4,14,5,15],"texture":"#main","cullface":"Know2Good"},
			"east":{"uv":	[5,14,6,15],"texture":"#main","cullface":"Know2Good"}
		}
	},
	{
		"__comment": "Foot south-west",
		"from": [5,1,10],
		"to": [7,2,11],
		"faces": {
			"down":{"uv":	[0,14,2,15],"texture":"#main","cullface":"Know2Good"},
			"north":{"uv":	[0,14,2,15],"texture":"#main","cullface":"Know2Good","rotation":180},
			"south":{"uv":	[0,14,2,15],"texture":"#main","cullface":"Know2Good"},
			"west":{"uv":	[0,14,1,15],"texture":"#main","cullface":"Know2Good"},
			"east":{"uv":	[1,14,2,15],"texture":"#main","cullface":"Know2Good"}
		}
	},
	{
		"__comment": "Foot south-west",
		"from": [5,1,9],
		"to": [6,2,10],
		"faces": {
			"down":{"uv":	[0,13,1,14],"texture":"#main","cullface":"Know2Good"},
			"north":{"uv":	[0,13,1,14],"texture":"#main","cullface":"Know2Good"},
			"west":{"uv":	[0,13,1,14],"texture":"#main","cullface":"Know2Good"},
			"east":{"uv":	[0,13,1,14],"texture":"#main","cullface":"Know2Good"}
		}
	},
	{
		"__comment": "Foot north-west",
		"from": [5,1,6],
		"to": [6,2,7],
		"faces": {
			"down":{"uv":	[0,10,1,11],"texture":"#main","cullface":"Know2Good"},
			"south":{"uv":	[0,10,1,11],"texture":"#main","cullface":"Know2Good"},
			"west":{"uv":	[0,10,1,11],"texture":"#main","cullface":"Know2Good"},
			"east":{"uv":	[0,10,1,11],"texture":"#main","cullface":"Know2Good"}
		}
	},
	{
		"__comment": "Windows",
		"from": [6,2,6],
		"to": [10,7,10],
		"faces": {
			"north":{"uv":	[1,3,5,8],"texture":"#main","cullface":"Know2Good"},
			"south":{"uv":	[1,3,5,8],"texture":"#main","cullface":"Know2Good"},
			"west":{"uv":	[1,3,5,8],"texture":"#main","cullface":"Know2Good"},
			"east":{"uv":	[1,3,5,8],"texture":"#main","cullface":"Know2Good"}
		}
	},
	{
		"__comment": "Frame north-west",
		"from": [5,2,5],
		"to": [6,7,6],
		"faces": {
			"north":{"uv":	[0,3,1,8],"texture":"#main","cullface":"Know2Good"},
			"south":{"uv":	[0,3,1,8],"texture":"#main","cullface":"Know2Good"},
			"west":{"uv":	[0,3,1,8],"texture":"#main","cullface":"Know2Good"},
			"east":{"uv":	[0,3,1,8],"texture":"#main","cullface":"Know2Good"}
		}
	},
	{
		"__comment": "Frame north-east",
		"from": [10,2,5],
		"to": [11,7,6],
		"faces": {
			"north":{"uv":	[0,3,1,8],"texture":"#main","cullface":"Know2Good"},
			"south":{"uv":	[0,3,1,8],"texture":"#main","cullface":"Know2Good"},
			"west":{"uv":	[0,3,1,8],"texture":"#main","cullface":"Know2Good"},
			"east":{"uv":	[0,3,1,8],"texture":"#main","cullface":"Know2Good"}
		}
	},
	{
		"__comment": "Frame north-west",
		"from": [5,2,10],
		"to": [6,7,11],
		"faces": {
			"north":{"uv":	[0,3,1,8],"texture":"#main","cullface":"Know2Good"},
			"south":{"uv":	[0,3,1,8],"texture":"#main","cullface":"Know2Good"},
			"west":{"uv":	[0,3,1,8],"texture":"#main","cullface":"Know2Good"},
			"east":{"uv":	[0,3,1,8],"texture":"#main","cullface":"Know2Good"}
		}
	},
	{
		"__comment": "Frame north-east",
		"from": [10,2,10],
		"to": [11,7,11],
		"faces": {
			"north":{"uv":	[0,3,1,8],"texture":"#main","cullface":"Know2Good"},
			"south":{"uv":	[0,3,1,8],"texture":"#main","cullface":"Know2Good"},
			"west":{"uv":	[0,3,1,8],"texture":"#main","cullface":"Know2Good"},
			"east":{"uv":	[0,3,1,8],"texture":"#main","cullface":"Know2Good"}
		}
	},
	{
		"__comment": "Top (bottom to top)",
		"from": [5,7,5],
		"to": [11,8,11],
		"faces": {
			"down":{"uv":	[6,9,12,15],"texture":"#main","cullface":"Know2Good"},
			"up":{"uv":		[6,9,12,15],"texture":"#main","cullface":"Know2Good"},
			"north":{"uv":	[6,9,12,10],"texture":"#main","cullface":"Know2Good"},
			"south":{"uv":	[6,14,12,15],"texture":"#main","cullface":"Know2Good","rotation":180},
			"west":{"uv":	[6,9,7,15],"texture":"#main","cullface":"Know2Good","rotation":270},
			"east":{"uv":	[11,9,12,15],"texture":"#main","cullface":"Know2Good","rotation":90}
		}
	},
	{
		"__comment": "Top (bottom to top)",
		"from": [6,8,6],
		"to": [10,9,10],
		"faces": {
			"up":{"uv":		[1,10,5,14],"texture":"#main","cullface":"Know2Good"},
			"north":{"uv":	[1,9,5,10],"texture":"#main","cullface":"Know2Good"},
			"south":{"uv":	[1,14,5,15],"texture":"#main","cullface":"Know2Good","rotation":180},
			"west":{"uv":	[1,10,2,14],"texture":"#main","cullface":"Know2Good","rotation":270},
			"east":{"uv":	[4,10,5,14],"texture":"#main","cullface":"Know2Good","rotation":90}
		}
	},
	{
		"__comment": "Top (bottom to top)",
		"from": [7,8,5],
		"to": [9,9,11],
		"faces": {
			"up":{"uv":		[2,9,4,15],"texture":"#main","cullface":"Know2Good"},
			"north":{"uv":	[2,9,4,10],"texture":"#main","cullface":"Know2Good"},
			"south":{"uv":	[2,14,4,15],"texture":"#main","cullface":"Know2Good","rotation":180},
			"west":{"uv":	[2,9,3,15],"texture":"#main","cullface":"Know2Good","rotation":270},
			"east":{"uv":	[3,9,4,15],"texture":"#main","cullface":"Know2Good","rotation":90}
		}
	},
	{
		"__comment": "Top (bottom to top)",
		"from": [5,8,7],
		"to": [11,9,9],
		"faces": {
			"up":{"uv":		[0,11,6,13],"texture":"#main","cullface":"Know2Good"},
			"north":{"uv":	[0,11,6,12],"texture":"#main","cullface":"Know2Good"},
			"south":{"uv":	[0,12,6,13],"texture":"#main","cullface":"Know2Good","rotation":180},
			"west":{"uv":	[0,11,1,13],"texture":"#main","cullface":"Know2Good","rotation":270},
			"east":{"uv":	[5,11,6,13],"texture":"#main","cullface":"Know2Good","rotation":90}
		}
	},
	{
		"__comment": "Top (bottom to top)",
		"from": [7,9,6],
		"to": [9,10,10],
		"faces": {
			"up":{"uv":		[2,10,4,14],"texture":"#main","cullface":"Know2Good"},
			"north":{"uv":	[2,10,4,11],"texture":"#main","cullface":"Know2Good"},
			"south":{"uv":	[2,13,4,14],"texture":"#main","cullface":"Know2Good","rotation":180},
			"west":{"uv":	[2,10,3,14],"texture":"#main","cullface":"Know2Good","rotation":270},
			"east":{"uv":	[3,10,4,14],"texture":"#main","cullface":"Know2Good","rotation":90}
		}
	},
	{
		"__comment": "Top (bottom to top)",
		"from": [6,9,7],
		"to": [10,10,9],
		"faces": {
			"up":{"uv":		[1,11,5,13],"texture":"#main","cullface":"Know2Good"},
			"north":{"uv":	[1,11,5,12],"texture":"#main","cullface":"Know2Good"},
			"south":{"uv":	[1,12,5,13],"texture":"#main","cullface":"Know2Good","rotation":180},
			"west":{"uv":	[1,11,2,13],"texture":"#main","cullface":"Know2Good","rotation":270},
			"east":{"uv":	[4,11,5,13],"texture":"#main","cullface":"Know2Good","rotation":90}
		}
	},
	{
		"__comment": "Chain (bottom to top)",
		"from": [6.5,10,7.75],
		"to": [7.5,11,8.25],
		"rotation": { "origin": [ 8, 8, 8 ], "axis": "y", "angle": -45},
		"faces": {
			"north":{"uv":	[13,1,14,2],"texture":"#main","cullface":"Know2Good"},
			"south":{"uv":	[13,1,14,2],"texture":"#main","cullface":"Know2Good"},
			"west":{"uv":	[13,1,14,2],"texture":"#main","cullface":"Know2Good"},
			"east":{"uv":	[13,1,14,2],"texture":"#main","cullface":"Know2Good"}
		}
	},
	{
		"__comment": "Chain (bottom to top)",
		"from": [8.5,10,7.75],
		"to": [9.5,11,8.25],
		"rotation": { "origin": [ 8, 8, 8 ], "axis": "y", "angle": -45},
		"faces": {
			"north":{"uv":	[15,1,16,2],"texture":"#main","cullface":"Know2Good"},
			"south":{"uv":	[15,1,16,2],"texture":"#main","cullface":"Know2Good"},
			"west":{"uv":	[15,1,16,2],"texture":"#main","cullface":"Know2Good"},
			"east":{"uv":	[15,1,16,2],"texture":"#main","cullface":"Know2Good"}
		}
	},
	{
		"__comment": "Chain (bottom to top)",
		"from": [6.5,11,7.75],
		"to": [9.5,12,8.25],
		"rotation": { "origin": [ 8, 8, 8 ], "axis": "y", "angle": -45},
		"faces": {
			"down":{"uv":	[13,0,16,1],"texture":"#main","cullface":"Know2Good"},
			"up":{"uv":		[13,0,16,1],"texture":"#main","cullface":"Know2Good"},
			"north":{"uv":	[13,0,16,1],"texture":"#main","cullface":"Know2Good","rotation":180},
			"south":{"uv":	[13,0,16,1],"texture":"#main","cullface":"Know2Good"},
			"west":{"uv":	[13,0,14,1],"texture":"#main","cullface":"Know2Good"},
			"east":{"uv":	[15,0,16,1],"texture":"#main","cullface":"Know2Good"}
		}
	},
	{
		"__comment": "Chain (bottom to top)",
		"from": [6.5,11,7.75],
		"to": [9.5,12,8.25],
		"rotation": { "origin": [ 8, 8, 8 ], "axis": "y", "angle": 45},
		"faces": {
			"down":{"uv":	[13,3,16,4],"texture":"#main","cullface":"Know2Good"},
			"up":{"uv":		[13,3,16,4],"texture":"#main","cullface":"Know2Good"},
			"north":{"uv":	[13,3,16,4],"texture":"#main","cullface":"Know2Good","rotation":180},
			"south":{"uv":	[13,3,16,4],"texture":"#main","cullface":"Know2Good"},
			"west":{"uv":	[13,3,14,4],"texture":"#main","cullface":"Know2Good"},
			"east":{"uv":	[15,3,16,4],"texture":"#main","cullface":"Know2Good"}
		}
	},
	{
		"__comment": "Chain (bottom to top)",
		"from": [6.5,12,7.75],
		"to": [7.5,14,8.25],
		"rotation": { "origin": [ 8, 8, 8 ], "axis": "y", "angle": 45},
		"faces": {
			"north":{"uv":	[13,1,14,3],"texture":"#main","cullface":"Know2Good"},
			"south":{"uv":	[13,1,14,3],"texture":"#main","cullface":"Know2Good"},
			"west":{"uv":	[13,1,14,3],"texture":"#main","cullface":"Know2Good"},
			"east":{"uv":	[13,1,14,3],"texture":"#main","cullface":"Know2Good"}
		}
	},
	{
		"__comment": "Chain (bottom to top)",
		"from": [8.5,12,7.75],
		"to": [9.5,14,8.25],
		"rotation": { "origin": [ 8, 8, 8 ], "axis": "y", "angle": 45},
		"faces": {
			"north":{"uv":	[15,1,16,3],"texture":"#main","cullface":"Know2Good"},
			"south":{"uv":	[15,1,16,3],"texture":"#main","cullface":"Know2Good"},
			"west":{"uv":	[15,1,16,3],"texture":"#main","cullface":"Know2Good"},
			"east":{"uv":	[15,1,16,3],"texture":"#main","cullface":"Know2Good"}
		}
	},
	{
		"__comment": "Chain (bottom to top)",
		"from": [6.5,14,7.75],
		"to": [9.5,15,8.25],
		"rotation": { "origin": [ 8, 8, 8 ], "axis": "y", "angle": 45},
		"faces": {
			"down":{"uv":	[13,0,16,1],"texture":"#main","cullface":"Know2Good"},
			"up":{"uv":		[13,0,16,1],"texture":"#main","cullface":"Know2Good"},
			"north":{"uv":	[13,0,16,1],"texture":"#main","cullface":"Know2Good","rotation":180},
			"south":{"uv":	[13,0,16,1],"texture":"#main","cullface":"Know2Good"},
			"west":{"uv":	[13,0,14,1],"texture":"#main","cullface":"Know2Good"},
			"east":{"uv":	[15,0,16,1],"texture":"#main","cullface":"Know2Good"}
		}
	},
	{
		"__comment": "Chain (bottom to top)",
		"from": [6.5,14,7.75],
		"to": [9.5,15,8.25],
		"rotation": { "origin": [ 8, 8, 8 ], "axis": "y", "angle": -45},
		"faces": {
			"down":{"uv":	[13,3,16,4],"texture":"#main","cullface":"Know2Good"},
			"up":{"uv":		[13,3,16,4],"texture":"#main","cullface":"Know2Good"},
			"north":{"uv":	[13,3,16,4],"texture":"#main","cullface":"Know2Good","rotation":180},
			"south":{"uv":	[13,3,16,4],"texture":"#main","cullface":"Know2Good"},
			"west":{"uv":	[13,3,14,4],"texture":"#main","cullface":"Know2Good"},
			"east":{"uv":	[15,3,16,4],"texture":"#main","cullface":"Know2Good"}
		}
	},
	{
		"__comment": "Chain (bottom to top)",
		"from": [6.5,15,7.75],
		"to": [7.5,16,8.25],
		"rotation": { "origin": [ 8, 8, 8 ], "axis": "y", "angle": -45},
		"faces": {
			"north":{"uv":	[13,2,14,3],"texture":"#main","cullface":"Know2Good"},
			"south":{"uv":	[13,2,14,3],"texture":"#main","cullface":"Know2Good"},
			"west":{"uv":	[13,2,14,3],"texture":"#main","cullface":"Know2Good"},
			"east":{"uv":	[13,2,14,3],"texture":"#main","cullface":"Know2Good"}
		}
	},
	{
		"__comment": "Chain (bottom to top)",
		"from": [8.5,15,7.75],
		"to": [9.5,16,8.25],
		"rotation": { "origin": [ 8, 8, 8 ], "axis": "y", "angle": -45},
		"faces": {
			"north":{"uv":	[15,2,16,3],"texture":"#main","cullface":"Know2Good"},
			"south":{"uv":	[15,2,16,3],"texture":"#main","cullface":"Know2Good"},
			"west":{"uv":	[15,2,16,3],"texture":"#main","cullface":"Know2Good"},
			"east":{"uv":	[15,2,16,3],"texture":"#main","cullface":"Know2Good"}
            }
        }
    ]
}