{
"__comment":"Made by Know2Good, part of the 'Default 3D' resource pack || Official download page: http://www.planetminecraft.com/texture_pack/default-3d-2985741/ || © Know2Good. All rights reserved. ",
"__comment":"OK",

"parent": "block/block_display",

"elements": [
	{
		"__comment":"Fire",
		"from":[0.8,0.5,8], 
        "to":[15.2,16.5,8], 
		"rotation": { "origin": [ 8, 8, 8 ], "axis": "y", "angle": 45, "rescale": true },
		"shade": false,
		"faces": {
			"north":{"uv":	[0,0,16,16],"texture":"#fire","cullface":"Know2Good"},
			"south":{"uv":	[0,0,16,16],"texture":"#fire","cullface":"Know2Good"}
		}
	},
	{
		"__comment":"Fire",
		"from":[8,0.5,0.8], 
        "to":[8,16.5,15.2], 
		"rotation": { "origin": [ 8, 8, 8 ], "axis": "y", "angle": 45, "rescale": true },
		"shade": false,
		"faces": {
			"west":{"uv":	[0,0,16,16],"texture":"#fire","cullface":"Know2Good"},
			"east":{"uv":	[0,0,16,16],"texture":"#fire","cullface":"Know2Good"}
		}
	},
	{
		"__comment":"Log north",
		"from":[0,0,1], 
        "to":[16,4,5], 
		"faces": {
			"down":{"uv":	[0,0,16,4],"texture":"#logs","cullface":"down"},
			"up":{"uv":		[0,0,16,4],"texture":"#logs","cullface":"Know2Good"},
			"north":{"uv":	[16,0,0,4],"texture":"#logs","cullface":"Know2Good"},
			"south":{"uv":	[0,4,16,8],"texture":"#lit","cullface":"Know2Good"},
			"west":{"uv":	[0,4,4,8],"texture":"#logs","cullface":"west"},
			"east":{"uv":	[4,4,8,8],"texture":"#logs","cullface":"east"}
		}
	},
	{
		"__comment":"Log north inside",
		"from":[-0.02,0.998,4.002], 
        "to":[16.02,3.002,1.998], 
		"faces": {
			"down":{"uv":	[0,3,16,1],"texture":"#logs","cullface":"Know2Good"},
			"up":{"uv":		[0,3,16,1],"texture":"#logs","cullface":"Know2Good"},
			"north":{"uv":	[0,1,16,3],"texture":"#logs","cullface":"Know2Good","rotation":180},
			"south":{"uv":	[0,1,16,3],"texture":"#logs","cullface":"Know2Good"}
		}
	},
	{
		"__comment":"Log north center",
		"from":[0.25,1,2], 
        "to":[15.75,3,4], 
		"faces": {
			"west":{"uv":	[8,4,10,6],"texture":"#logs","cullface":"west"},
			"east":{"uv":	[8,4,10,6],"texture":"#logs","cullface":"east"}
		}
	},
	{
		"__comment":"Log east",
		"from":[11,3,0], 
        "to":[15,7,16], 
		"faces": {
			"down":{"uv":	[0,8,16,12],"texture":"#bottom","cullface":"Know2Good","rotation":270},
			"up":{"uv":		[0,8,16,12],"texture":"#logs","cullface":"Know2Good","rotation":90},
			"north":{"uv":	[0,12,4,16],"texture":"#logs","cullface":"north"},
			"south":{"uv":	[4,12,8,16],"texture":"#logs","cullface":"south"},
			"west":{"uv":	[0,12,16,16],"texture":"#lit","cullface":"Know2Good"},
			"east":{"uv":	[16,8,0,12],"texture":"#lit","cullface":"Know2Good"}
		}
	},
	{
		"__comment":"Log east inside",
		"from":[14.002,3.998,-0.02], 
        "to":[11.998,6.002,16.02], 
		"faces": {
			"down":{"uv":	[0,11,16,9],"texture":"#logs","cullface":"Know2Good","rotation":270},
			"up":{"uv":		[0,11,16,9],"texture":"#logs","cullface":"Know2Good","rotation":90},
			"west":{"uv":	[0,9,16,11],"texture":"#logs","cullface":"Know2Good"},
			"east":{"uv":	[0,9,16,11],"texture":"#logs","cullface":"Know2Good","rotation":180}
		}
	},
	{
		"__comment":"Log east center",
		"from":[12,4,0.25], 
        "to":[14,6,15.75], 
		"faces": {
			"north":{"uv":	[8,4,10,6],"texture":"#logs","cullface":"north"},
			"south":{"uv":	[8,4,10,6],"texture":"#logs","cullface":"south"}
		}
	},
	{
		"__comment":"Log south",
		"from":[0,0,11], 
        "to":[16,4,15], 
		"faces": {
			"down":{"uv":	[0,8,16,12],"texture":"#logs","cullface":"down"},
			"up":{"uv":		[0,8,16,12],"texture":"#logs","cullface":"Know2Good"},
			"north":{"uv":	[16,8,0,12],"texture":"#lit","cullface":"Know2Good"},
			"south":{"uv":	[0,12,16,8],"texture":"#logs","cullface":"Know2Good"},
			"west":{"uv":	[0,12,4,16],"texture":"#logs","cullface":"west"},
			"east":{"uv":	[4,12,8,16],"texture":"#logs","cullface":"east"}
		}
	},
	{
		"__comment":"Log south inside",
		"from":[-0.02,0.998,14.002], 
        "to":[16.02,3.002,11.998], 
		"faces": {
			"down":{"uv":	[0,11,16,9],"texture":"#logs","cullface":"Know2Good"},
			"up":{"uv":		[0,11,16,9],"texture":"#logs","cullface":"Know2Good"},
			"north":{"uv":	[0,9,16,11],"texture":"#logs","cullface":"Know2Good","rotation":180},
			"south":{"uv":	[0,9,16,11],"texture":"#logs","cullface":"Know2Good"}
		}
	},
	{
		"__comment":"Log south center",
		"from":[0.25,1,12], 
        "to":[15.75,3,14], 
		"faces": {
			"west":{"uv":	[8,4,10,6],"texture":"#logs","cullface":"west"},
			"east":{"uv":	[8,4,10,6],"texture":"#logs","cullface":"east"}
		}
	},
	{
		"__comment":"Log west",
		"from":[1,3,0], 
        "to":[5,7,16], 
		"faces": {
			"down":{"uv":	[0,0,16,4],"texture":"#bottom","cullface":"Know2Good","rotation":270},
			"up":{"uv":		[0,0,16,4],"texture":"#logs","cullface":"Know2Good","rotation":90},
			"north":{"uv":	[0,4,4,8],"texture":"#logs","cullface":"north"},
			"south":{"uv":	[4,4,8,8],"texture":"#logs","cullface":"south"},
			"west":{"uv":	[0,4,16,8],"texture":"#lit","cullface":"Know2Good"},
			"east":{"uv":	[16,0,0,4],"texture":"#lit","cullface":"Know2Good"}
		}
	},
	{
		"__comment":"Log west inside",
		"from":[4.002,3.998,-0.02], 
        "to":[1.998,6.002,16.02], 
		"faces": {
			"down":{"uv":	[0,3,16,1],"texture":"#logs","cullface":"Know2Good","rotation":270},
			"up":{"uv":		[0,3,16,1],"texture":"#logs","cullface":"Know2Good","rotation":90},
			"west":{"uv":	[0,1,16,3],"texture":"#logs","cullface":"Know2Good"},
			"east":{"uv":	[0,1,16,3],"texture":"#logs","cullface":"Know2Good","rotation":180}
		}
	},
	{
		"__comment":"Log west center",
		"from":[2,4,0.25], 
        "to":[4,6,15.75], 
		"faces": {
			"north":{"uv":	[8,4,10,6],"texture":"#logs","cullface":"north"},
			"south":{"uv":	[8,4,10,6],"texture":"#logs","cullface":"south"}
		}
	},
	{
		"__comment":"Ash north to south",
		"from":[6,0,0], 
        "to":[11,0.5,1], 
		"faces": {
			"down":{"uv":	[6,0,11,1],"texture":"#ash","cullface":"down"},
			"up":{"uv":		[6,0,11,1],"texture":"#ash","cullface":"Know2Good"},
			"north":{"uv":	[6,0,11,1],"texture":"#ash","cullface":"north","rotation":180},
			"west":{"uv":	[6,0,7,1],"texture":"#ash","cullface":"Know2Good"},
			"east":{"uv":	[10,0,11,1],"texture":"#ash","cullface":"Know2Good"}
		}
	},
	{
		"__comment":"Ash north to south elevated",
		"from":[8,0,0], 
        "to":[10,0.75,1], 
		"faces": {
			"up":{"uv":		[8,0,10,1],"texture":"#ash","cullface":"Know2Good"},
			"north":{"uv":	[8,0,10,1],"texture":"#ash","cullface":"north","rotation":180},
			"west":{"uv":	[8,0,9,1],"texture":"#ash","cullface":"Know2Good"},
			"east":{"uv":	[9,0,10,1],"texture":"#ash","cullface":"Know2Good"}
		}
	},
	{
		"__comment":"Ash north to south",
		"from":[1,0,8], 
        "to":[2,0.5,10], 
		"faces": {
			"down":{"uv":	[1,8,2,10],"texture":"#ash","cullface":"down","rotation":180},
			"up":{"uv":		[1,8,2,10],"texture":"#ash","cullface":"Know2Good"},
			"north":{"uv":	[1,8,2,9],"texture":"#ash","cullface":"Know2Good"},
			"south":{"uv":	[1,9,2,10],"texture":"#ash","cullface":"Know2Good"},
			"west":{"uv":	[1,8,2,10],"texture":"#ash","cullface":"Know2Good","rotation":270}
		}
	},
	{
		"__comment":"Ash north to south",
		"from":[2,0,6], 
        "to":[3,0.5,11], 
		"faces": {
			"down":{"uv":	[2,6,3,11],"texture":"#ash","cullface":"down","rotation":180},
			"up":{"uv":		[2,6,3,11],"texture":"#ash","cullface":"Know2Good"},
			"north":{"uv":	[2,6,3,7],"texture":"#ash","cullface":"Know2Good"},
			"west":{"uv":	[2,6,3,11],"texture":"#ash","cullface":"Know2Good","rotation":270}
		}
	},
	{
		"__comment":"Ash north to south",
		"from":[3,0,5], 
        "to":[13,0.5,11], 
		"faces": {
			"down":{"uv":	[3,11,13,5],"texture":"#ash","cullface":"down"},
			"up":{"uv":		[3,5,13,11],"texture":"#ash","cullface":"Know2Good"},
			"west":{"uv":	[3,5,4,11],"texture":"#ash","cullface":"Know2Good","rotation":270},
			"east":{"uv":	[12,5,13,11],"texture":"#ash","cullface":"Know2Good","rotation":270}
		}
	},
	{
		"__comment":"Ash north to south",
		"from":[13,0,5], 
        "to":[14,0.5,10], 
		"faces": {
			"down":{"uv":	[13,5,14,10],"texture":"#ash","cullface":"down","rotation":180},
			"up":{"uv":		[13,5,14,10],"texture":"#ash","cullface":"Know2Good"},
			"south":{"uv":	[13,9,14,10],"texture":"#ash","cullface":"Know2Good"},
			"east":{"uv":	[13,5,14,10],"texture":"#ash","cullface":"Know2Good","rotation":90}
		}
	},
	{
		"__comment":"Ash north to south",
		"from":[14,0,6], 
        "to":[15,0.5,8], 
		"faces": {
			"down":{"uv":	[14,6,15,8],"texture":"#ash","cullface":"down","rotation":180},
			"up":{"uv":		[14,6,15,8],"texture":"#ash","cullface":"Know2Good"},
			"north":{"uv":	[14,6,15,7],"texture":"#ash","cullface":"Know2Good"},
			"south":{"uv":	[14,7,15,8],"texture":"#ash","cullface":"Know2Good"},
			"east":{"uv":	[14,6,15,8],"texture":"#ash","cullface":"Know2Good","rotation":90}
		}
	},
	{
		"__comment":"Ash north to south elevated",
		"from":[5,0,5], 
        "to":[10,0.75,6], 
		"faces": {
			"up":{"uv":		[5,5,10,6],"texture":"#ash","cullface":"Know2Good"},
			"west":{"uv":	[5,5,6,6],"texture":"#ash","cullface":"Know2Good"},
			"east":{"uv":	[9,5,10,6],"texture":"#ash","cullface":"Know2Good"}
		}
	},
	{
		"__comment":"Ash north to south elevated",
		"from":[4,0,6], 
        "to":[12,0.75,10], 
		"faces": {
			"up":{"uv":		[4,6,12,10],"texture":"#ash","cullface":"Know2Good"},
			"north":{"uv":	[4,6,12,7],"texture":"#ash","cullface":"Know2Good","rotation":180},
			"south":{"uv":	[4,9,12,10],"texture":"#ash","cullface":"Know2Good"},
			"west":{"uv":	[4,6,5,10],"texture":"#ash","cullface":"Know2Good","rotation":270},
			"east":{"uv":	[11,6,12,10],"texture":"#ash","cullface":"Know2Good","rotation":90}
		}
	},
	{
		"__comment":"Ash north to south elevated",
		"from":[3,0,7], 
        "to":[13,0.75,9], 
		"faces": {
			"up":{"uv":		[3,7,13,9],"texture":"#ash","cullface":"Know2Good"},
			"north":{"uv":	[3,7,13,8],"texture":"#ash","cullface":"Know2Good","rotation":180},
			"south":{"uv":	[3,8,13,9],"texture":"#ash","cullface":"Know2Good"},
			"west":{"uv":	[3,7,4,9],"texture":"#ash","cullface":"Know2Good","rotation":270},
			"east":{"uv":	[12,7,13,9],"texture":"#ash","cullface":"Know2Good","rotation":90}
		}
	},
	{
		"__comment":"Ash north to south elevated",
		"from":[6,0,10], 
        "to":[11,0.75,11], 
		"faces": {
			"up":{"uv":		[6,10,11,11],"texture":"#ash","cullface":"Know2Good"},
			"west":{"uv":	[6,10,7,11],"texture":"#ash","cullface":"Know2Good"},
			"east":{"uv":	[10,10,11,11],"texture":"#ash","cullface":"Know2Good"}
		}
	},
	{
		"__comment":"Ash north to south",
		"from":[5,0,15], 
        "to":[10,0.5,16], 
		"faces": {
			"down":{"uv":	[5,15,10,16],"texture":"#ash","cullface":"down"},
			"up":{"uv":		[5,15,10,16],"texture":"#ash","cullface":"Know2Good"},
			"south":{"uv":	[5,15,10,16],"texture":"#ash","cullface":"south"},
			"west":{"uv":	[5,15,6,16],"texture":"#ash","cullface":"Know2Good"},
			"east":{"uv":	[9,15,10,16],"texture":"#ash","cullface":"Know2Good"}
		}
	},
	{
		"__comment":"Ash north to south elevated",
		"from":[6,0,15], 
        "to":[8,0.75,16], 
		"faces": {
			"up":{"uv":		[6,15,8,16],"texture":"#ash","cullface":"Know2Good"},
			"south":{"uv":	[6,15,8,16],"texture":"#ash","cullface":"south"},
			"west":{"uv":	[6,15,7,16],"texture":"#ash","cullface":"Know2Good"},
			"east":{"uv":	[7,15,8,16],"texture":"#ash","cullface":"Know2Good"}
             }
        }
    ]
}