{
  "variants": {
    "facing=east,half=bottom,open=false": {
      "model": "block/wood/trapdoor/crimson/bottom/0",
      "y": 90
    },
    "facing=east,half=bottom,open=true": {
      "model": "minecraft:block/crimson_trapdoor_open",
      "y": 90
    },
    "facing=east,half=top,open=false": {
      "model": "block/wood/trapdoor/crimson/top/0",
      "y": 90
    },
    "facing=east,half=top,open=true": {
      "model": "minecraft:block/crimson_trapdoor_open",
      "x": 180,
      "y": 270
    },
    "facing=north,half=bottom,open=false": {
      "model": "block/wood/trapdoor/crimson/bottom/0"
    },
    "facing=north,half=bottom,open=true": {
      "model": "block/wood/trapdoor/crimson/open/0"
    },
    "facing=north,half=top,open=false": {
      "model": "block/wood/trapdoor/crimson/top/0"
    },
    "facing=north,half=top,open=true": {
      "model": "block/wood/trapdoor/crimson/open/0",
      "x": 180,
      "y": 180
    },
    "facing=south,half=bottom,open=false": {
      "model": "block/wood/trapdoor/crimson/bottom/0",
      "y": 180
    },
    "facing=south,half=bottom,open=true": {
      "model": "minecraft:block/crimson_trapdoor_open",
      "y": 180
    },
    "facing=south,half=top,open=false": {
      "model": "block/wood/trapdoor/crimson/top/0",
      "y": 180
    },
    "facing=south,half=top,open=true": {
      "model": "minecraft:block/crimson_trapdoor_open",
      "x": 180,
      "y": 0
    },
    "facing=west,half=bottom,open=false": {
      "model": "block/wood/trapdoor/crimson/bottom/0",
      "y": 270
    },
    "facing=west,half=bottom,open=true": {
      "model": "minecraft:block/crimson_trapdoor_open",
      "y": 270
    },
    "facing=west,half=top,open=false": {
      "model": "block/wood/trapdoor/crimson/top/0",
      "model": "block/wood/trapdoor/crimson/top/0",
      "y": 270
    },
    "facing=west,half=top,open=true": {
      "model": "minecraft:block/crimson_trapdoor_open",
      "x": 180,
      "y": 90
    }
  }
}