{
"__comment":"Made by Know2Good, part of the 'Default 3D' resource pack || Official download page: http://www.planetminecraft.com/texture_pack/default-3d-2985741/ || © Know2Good. All rights reserved. ",
    "variants": {
        "": [
            { "model": "block/stone/netherrack/block/nylium/crimson/0", "weight": 1 },
            { "model": "block/stone/netherrack/block/nylium/crimson/0", "y": 90, "weight": 1 },
            { "model": "block/stone/netherrack/block/nylium/crimson/0", "y": 180, "weight": 1 },
			{ "model": "block/stone/netherrack/block/nylium/crimson/0", "y": 270, "weight": 1 },
			
			{ "model": "block/stone/netherrack/block/nylium/crimson/1", "weight": 1 },
            { "model": "block/stone/netherrack/block/nylium/crimson/1", "y": 90, "weight": 1 },
            { "model": "block/stone/netherrack/block/nylium/crimson/1", "y": 180, "weight": 1 },
			{ "model": "block/stone/netherrack/block/nylium/crimson/1", "y": 270, "weight": 1 },
			
			{ "model": "block/stone/netherrack/block/nylium/crimson/2", "weight": 1 },
            { "model": "block/stone/netherrack/block/nylium/crimson/2", "y": 90, "weight": 1 },
            { "model": "block/stone/netherrack/block/nylium/crimson/2", "y": 180, "weight": 1 },
			{ "model": "block/stone/netherrack/block/nylium/crimson/2", "y": 270, "weight": 1 },
			
			{ "model": "block/stone/netherrack/block/nylium/crimson/3", "weight": 1 },
            { "model": "block/stone/netherrack/block/nylium/crimson/3", "y": 90, "weight": 1 },
            { "model": "block/stone/netherrack/block/nylium/crimson/3", "y": 180, "weight": 1 },
			{ "model": "block/stone/netherrack/block/nylium/crimson/3", "y": 270, "weight": 1 },
			
			{ "model": "block/stone/netherrack/block/nylium/crimson/4", "weight": 1 },
            { "model": "block/stone/netherrack/block/nylium/crimson/4", "y": 90, "weight": 1 },
            { "model": "block/stone/netherrack/block/nylium/crimson/4", "y": 180, "weight": 1 },
			{ "model": "block/stone/netherrack/block/nylium/crimson/4", "y": 270, "weight": 1 },
			
			{ "model": "block/stone/netherrack/block/nylium/crimson/5", "weight": 1 },
            { "model": "block/stone/netherrack/block/nylium/crimson/5", "y": 90, "weight": 1 },
            { "model": "block/stone/netherrack/block/nylium/crimson/5", "y": 180, "weight": 1 },
			{ "model": "block/stone/netherrack/block/nylium/crimson/5", "y": 270, "weight": 1 },
			
			{ "model": "block/stone/netherrack/block/nylium/crimson/6", "weight": 1 },
            { "model": "block/stone/netherrack/block/nylium/crimson/6", "y": 90, "weight": 1 },
            { "model": "block/stone/netherrack/block/nylium/crimson/6", "y": 180, "weight": 1 },
			{ "model": "block/stone/netherrack/block/nylium/crimson/6", "y": 270, "weight": 1 },
			
			{ "model": "block/stone/netherrack/block/nylium/crimson/7", "weight": 1 },
            { "model": "block/stone/netherrack/block/nylium/crimson/7", "y": 90, "weight": 1 },
            { "model": "block/stone/netherrack/block/nylium/crimson/7", "y": 180, "weight": 1 },
			{ "model": "block/stone/netherrack/block/nylium/crimson/7", "y": 270, "weight": 1 },
			
			{ "model": "block/stone/netherrack/block/nylium/crimson/8", "weight": 1 },
            { "model": "block/stone/netherrack/block/nylium/crimson/8", "y": 90, "weight": 1 },
            { "model": "block/stone/netherrack/block/nylium/crimson/8", "y": 180, "weight": 1 },
			{ "model": "block/stone/netherrack/block/nylium/crimson/8", "y": 270, "weight": 1 },
			
			{ "model": "block/stone/netherrack/block/nylium/crimson/9", "weight": 1 },
            { "model": "block/stone/netherrack/block/nylium/crimson/9", "y": 90, "weight": 1 },
            { "model": "block/stone/netherrack/block/nylium/crimson/9", "y": 180, "weight": 1 },
			{ "model": "block/stone/netherrack/block/nylium/crimson/9", "y": 270, "weight": 1 },
			
			{ "model": "block/stone/netherrack/block/nylium/crimson/10", "weight": 1 },
            { "model": "block/stone/netherrack/block/nylium/crimson/10", "y": 90, "weight": 1 },
            { "model": "block/stone/netherrack/block/nylium/crimson/10", "y": 180, "weight": 1 },
			{ "model": "block/stone/netherrack/block/nylium/crimson/10", "y": 270, "weight": 1 },
			
			{ "model": "block/stone/netherrack/block/nylium/crimson/11", "weight": 1 },
            { "model": "block/stone/netherrack/block/nylium/crimson/11", "y": 90, "weight": 1 },
            { "model": "block/stone/netherrack/block/nylium/crimson/11", "y": 180, "weight": 1 },
			{ "model": "block/stone/netherrack/block/nylium/crimson/11", "y": 270, "weight": 1 },
			
			{ "model": "block/stone/netherrack/block/nylium/crimson/12", "weight": 1 },
            { "model": "block/stone/netherrack/block/nylium/crimson/12", "y": 90, "weight": 1 },
            { "model": "block/stone/netherrack/block/nylium/crimson/12", "y": 180, "weight": 1 },
			{ "model": "block/stone/netherrack/block/nylium/crimson/12", "y": 270, "weight": 1 },
			
			{ "model": "block/stone/netherrack/block/nylium/crimson/13", "weight": 1 },
            { "model": "block/stone/netherrack/block/nylium/crimson/13", "y": 90, "weight": 1 },
            { "model": "block/stone/netherrack/block/nylium/crimson/13", "y": 180, "weight": 1 },
			{ "model": "block/stone/netherrack/block/nylium/crimson/13", "y": 270, "weight": 1 }
        ]
    }
}