{
"__comment":"Made by Know2Good, part of the 'Default 3D' resource pack || Official download page: http://www.planetminecraft.com/texture_pack/default-3d-2985741/ || © Know2Good. All rights reserved. ",
"__comment":"OK",

	"variants": {
        "type=bottom": [
            { "model": "block/stone/blackstone/slab/polished/bottom/0", "weight": 1 },
			{ "model": "block/stone/blackstone/slab/polished/bottom/1", "weight": 1 },
			{ "model": "block/stone/blackstone/slab/polished/bottom/2", "weight": 1 },
			{ "model": "block/stone/blackstone/slab/polished/bottom/3", "weight": 1 },
			{ "model": "block/stone/blackstone/slab/polished/bottom/4", "weight": 1 },
			{ "model": "block/stone/blackstone/slab/polished/bottom/5", "weight": 1 },
            { "model": "block/stone/blackstone/slab/polished/bottom/6", "weight": 1 }
        ],
		
        "type=top": [
            { "model": "block/stone/blackstone/slab/polished/top/0", "weight": 1 },
			{ "model": "block/stone/blackstone/slab/polished/top/1", "weight": 1 },
			{ "model": "block/stone/blackstone/slab/polished/top/2", "weight": 1 },
			{ "model": "block/stone/blackstone/slab/polished/top/3", "weight": 1 },
			{ "model": "block/stone/blackstone/slab/polished/top/4", "weight": 1 },
			{ "model": "block/stone/blackstone/slab/polished/top/5", "weight": 1 },
            { "model": "block/stone/blackstone/slab/polished/top/6", "weight": 1 }
        ],
		
        "type=double": [
            { "model": "block/stone/blackstone/block/polished/0", "weight": 1 },
			{ "model": "block/stone/blackstone/block/polished/1", "weight": 1 },
			{ "model": "block/stone/blackstone/block/polished/2", "weight": 1 },
			{ "model": "block/stone/blackstone/block/polished/3", "weight": 1 },
			{ "model": "block/stone/blackstone/block/polished/4", "weight": 1 },
			{ "model": "block/stone/blackstone/block/polished/5", "weight": 1 },
			{ "model": "block/stone/blackstone/block/polished/6", "weight": 1 }
        ]
    }
}

