{
"__comment":"Made by Know2Good, part of the 'Default 3D' resource pack || Official download page: http://www.planetminecraft.com/texture_pack/default-3d-2985741/ || © Know2Good. All rights reserved. ",
"__comment":"OK",

	"variants": {
        "": [
            { "model": "block/stone/blackstone/block/brick/0", "weight": 1 },
			{ "model": "block/stone/blackstone/block/brick/1", "weight": 1 },
			{ "model": "block/stone/blackstone/block/brick/2", "weight": 1 },
			{ "model": "block/stone/blackstone/block/brick/3", "weight": 1 },
			{ "model": "block/stone/blackstone/block/brick/4", "weight": 1 },
			{ "model": "block/stone/blackstone/block/brick/5", "weight": 1 },
			{ "model": "block/stone/blackstone/block/brick/6", "weight": 1 },
			{ "model": "block/stone/blackstone/block/brick/7", "weight": 1 }
        ]
    }
}

