{
"__comment":"Made by Know2Good, part of the 'Default 3D' resource pack || Official download page: http://www.planetminecraft.com/texture_pack/default-3d-2985741/ || © Know2Good. All rights reserved. ",
"__comment":"OK",

	"variants": {
        "": [
            { "model": "block/plant/wheat/target/0", "weight": 1 },
            { "model": "block/plant/wheat/target/0", "y": 90, "weight": 1 },
            { "model": "block/plant/wheat/target/0", "y": 180, "weight": 1 },
			{ "model": "block/plant/wheat/target/0", "y": 270, "weight": 1 }
        ]
    }
}

