{
"__comment":"Made by Know2Good, part of the 'Default 3D' resource pack || Official download page: http://www.planetminecraft.com/texture_pack/default-3d-2985741/ || © Know2Good. All rights reserved. ",
    "variants": {
        "": [
            { "model": "block/plant/unpotted/mushroom/warped/0", "weight": 1 },
            { "model": "block/plant/unpotted/mushroom/warped/0", "y": 90, "weight": 1 },
            { "model": "block/plant/unpotted/mushroom/warped/0", "y": 180, "weight": 1 },
            { "model": "block/plant/unpotted/mushroom/warped/0", "y": 270, "weight": 1 },
			
			{ "model": "block/plant/unpotted/mushroom/warped/1", "weight": 1 },
            { "model": "block/plant/unpotted/mushroom/warped/1", "y": 90, "weight": 1 },
            { "model": "block/plant/unpotted/mushroom/warped/1", "y": 180, "weight": 1 },
            { "model": "block/plant/unpotted/mushroom/warped/1", "y": 270, "weight": 1 },
			
			{ "model": "block/plant/unpotted/mushroom/warped/2", "weight": 1 },
            { "model": "block/plant/unpotted/mushroom/warped/2", "y": 90, "weight": 1 },
            { "model": "block/plant/unpotted/mushroom/warped/2", "y": 180, "weight": 1 },
            { "model": "block/plant/unpotted/mushroom/warped/2", "y": 270, "weight": 1 }
        ]
    }
}
