{
"__comment":"Made by Know2Good, part of the 'Default 3D' resource pack || Official download page: http://www.planetminecraft.com/texture_pack/default-3d-2985741/ || © Know2Good. All rights reserved. ",
"__comment":"OK",

"parent": "item/display/wither_rose",

"elements": [ 
	{
		"__comment": "Pettal north-west",
		"from": [6.5,7.75,6.5],
		"to": [7.5,9.75,7.5],
		"faces": {
			"down":{"uv":	[8,8,9,9],"texture":"#block","cullface":"Know2Good"},
			"up":{"uv":		[8,7,9,8],"texture":"#block","cullface":"Know2Good"},
			"north":{"uv":	[8,7,9,9],"texture":"#block","cullface":"Know2Good"},
			"south":{"uv":	[8,7,9,9],"texture":"#block","cullface":"Know2Good"},
			"west":{"uv":	[8,7,9,9],"texture":"#block","cullface":"Know2Good"},
			"east":{"uv":	[8,7,9,9],"texture":"#block","cullface":"Know2Good"}
		}
	},
	{
		"__comment": "Pettal north",
		"from": [7.5,7,6.5],
		"to": [8.5,9,7.5],
		"faces": {
			"down":{"uv":	[7,8,8,9],"texture":"#block","cullface":"Know2Good"},
			"up":{"uv":		[7,7,8,8],"texture":"#block","cullface":"Know2Good"},
			"north":{"uv":	[7,7,8,9],"texture":"#block","cullface":"Know2Good"},
			"south":{"uv":	[7,7,8,9],"texture":"#block","cullface":"Know2Good"},
			"west":{"uv":	[7,7,8,9],"texture":"#block","cullface":"Know2Good"},
			"east":{"uv":	[7,7,8,9],"texture":"#block","cullface":"Know2Good"}
		}
	},
	{
		"__comment": "Pettal north",
		"from": [7.5,8,5.5],
		"to": [8.5,10,6.5],
		"faces": {
			"down":{"uv":	[8,8,9,9],"texture":"#block","cullface":"Know2Good"},
			"up":{"uv":		[8,7,9,8],"texture":"#block","cullface":"Know2Good"},
			"north":{"uv":	[8,7,9,9],"texture":"#block","cullface":"Know2Good"},
			"south":{"uv":	[8,7,9,9],"texture":"#block","cullface":"Know2Good"},
			"west":{"uv":	[8,7,9,9],"texture":"#block","cullface":"Know2Good"},
			"east":{"uv":	[8,7,9,9],"texture":"#block","cullface":"Know2Good"}
		}
	},
	{
		"__comment": "Pettal north",
		"from": [6.5,8.25,5.5],
		"to": [9.5,9,6.5],
		"faces": {
			"down":{"uv":	[6,6,9,7],"texture":"#block","cullface":"Know2Good","rotation":180},
			"up":{"uv":		[6,6,9,7],"texture":"#block","cullface":"Know2Good","rotation":180},
			"north":{"uv":	[6,6,9,7],"texture":"#block","cullface":"Know2Good"},
			"west":{"uv":	[8,6,9,7],"texture":"#block","cullface":"Know2Good"},
			"east":{"uv":	[6,6,7,7],"texture":"#block","cullface":"Know2Good"}
		}
	},
	{
		"__comment": "Pettal north-east",
		"from": [8.5,7.75,6.5],
		"to": [9.5,9.75,7.5],
		"faces": {
			"down":{"uv":	[8,8,9,9],"texture":"#block","cullface":"Know2Good"},
			"up":{"uv":		[8,7,9,8],"texture":"#block","cullface":"Know2Good"},
			"north":{"uv":	[8,7,9,9],"texture":"#block","cullface":"Know2Good"},
			"south":{"uv":	[8,7,9,9],"texture":"#block","cullface":"Know2Good"},
			"west":{"uv":	[8,7,9,9],"texture":"#block","cullface":"Know2Good"},
			"east":{"uv":	[8,7,9,9],"texture":"#block","cullface":"Know2Good"}
		}
	},
	{
		"__comment": "Pettal east",
		"from": [8.5,7,7.5],
		"to": [9.5,9,8.5],
		"faces": {
			"down":{"uv":	[7,8,8,9],"texture":"#block","cullface":"Know2Good"},
			"up":{"uv":		[7,7,8,8],"texture":"#block","cullface":"Know2Good"},
			"north":{"uv":	[7,7,8,9],"texture":"#block","cullface":"Know2Good"},
			"south":{"uv":	[7,7,8,9],"texture":"#block","cullface":"Know2Good"},
			"west":{"uv":	[7,7,8,9],"texture":"#block","cullface":"Know2Good"},
			"east":{"uv":	[7,7,8,9],"texture":"#block","cullface":"Know2Good"}
		}
	},
	{
		"__comment": "Pettal east",
		"from": [9.5,8,7.5],
		"to": [10.5,10,8.5],
		"faces": {
			"down":{"uv":	[8,8,9,9],"texture":"#block","cullface":"Know2Good"},
			"up":{"uv":		[8,7,9,8],"texture":"#block","cullface":"Know2Good"},
			"north":{"uv":	[8,7,9,9],"texture":"#block","cullface":"Know2Good"},
			"south":{"uv":	[8,7,9,9],"texture":"#block","cullface":"Know2Good"},
			"west":{"uv":	[8,7,9,9],"texture":"#block","cullface":"Know2Good"},
			"east":{"uv":	[8,7,9,9],"texture":"#block","cullface":"Know2Good"}
		}
	},
	{
		"__comment": "Pettal east",
		"from": [9.5,8.25,6.5],
		"to": [10.5,9,9.5],
		"faces": {
			"down":{"uv":	[6,6,9,7],"texture":"#block","cullface":"Know2Good","rotation":90},
			"up":{"uv":		[6,6,9,7],"texture":"#block","cullface":"Know2Good","rotation":270},
			"north":{"uv":	[8,6,9,7],"texture":"#block","cullface":"Know2Good"},
			"south":{"uv":	[6,6,7,7],"texture":"#block","cullface":"Know2Good"},
			"east":{"uv":	[6,6,9,7],"texture":"#block","cullface":"Know2Good"}
		}
	},
	{
		"__comment": "Pettal south-east",
		"from": [8.5,7.75,8.5],
		"to": [9.5,9.75,9.5],
		"faces": {
			"down":{"uv":	[8,8,9,9],"texture":"#block","cullface":"Know2Good"},
			"up":{"uv":		[8,7,9,8],"texture":"#block","cullface":"Know2Good"},
			"north":{"uv":	[8,7,9,9],"texture":"#block","cullface":"Know2Good"},
			"south":{"uv":	[8,7,9,9],"texture":"#block","cullface":"Know2Good"},
			"west":{"uv":	[8,7,9,9],"texture":"#block","cullface":"Know2Good"},
			"east":{"uv":	[8,7,9,9],"texture":"#block","cullface":"Know2Good"}
		}
	},
	{
		"__comment": "Pettal south",
		"from": [7.5,7,8.5],
		"to": [8.5,9,9.5],
		"faces": {
			"down":{"uv":	[7,8,8,9],"texture":"#block","cullface":"Know2Good"},
			"up":{"uv":		[7,7,8,8],"texture":"#block","cullface":"Know2Good"},
			"north":{"uv":	[7,7,8,9],"texture":"#block","cullface":"Know2Good"},
			"south":{"uv":	[7,7,8,9],"texture":"#block","cullface":"Know2Good"},
			"west":{"uv":	[7,7,8,9],"texture":"#block","cullface":"Know2Good"},
			"east":{"uv":	[7,7,8,9],"texture":"#block","cullface":"Know2Good"}
		}
	},
	{
		"__comment": "Pettal south",
		"from": [7.5,8,9.5],
		"to": [8.5,10,10.5],
		"faces": {
			"down":{"uv":	[8,8,9,9],"texture":"#block","cullface":"Know2Good"},
			"up":{"uv":		[8,7,9,8],"texture":"#block","cullface":"Know2Good"},
			"north":{"uv":	[8,7,9,9],"texture":"#block","cullface":"Know2Good"},
			"south":{"uv":	[8,7,9,9],"texture":"#block","cullface":"Know2Good"},
			"west":{"uv":	[8,7,9,9],"texture":"#block","cullface":"Know2Good"},
			"east":{"uv":	[8,7,9,9],"texture":"#block","cullface":"Know2Good"}
		}
	},
	{
		"__comment": "Pettal south",
		"from": [6.5,8.25,9.5],
		"to": [9.5,9,10.5],
		"faces": {
			"down":{"uv":	[6,6,9,7],"texture":"#block","cullface":"Know2Good"},
			"up":{"uv":		[6,6,9,7],"texture":"#block","cullface":"Know2Good"},
			"south":{"uv":	[6,6,9,7],"texture":"#block","cullface":"Know2Good"},
			"west":{"uv":	[6,6,7,7],"texture":"#block","cullface":"Know2Good"},
			"east":{"uv":	[8,6,9,7],"texture":"#block","cullface":"Know2Good"}
		}
	},
	{
		"__comment": "Pettal south-west",
		"from": [6.5,7.75,8.5],
		"to": [7.5,9.75,9.5],
		"faces": {
			"down":{"uv":	[8,8,9,9],"texture":"#block","cullface":"Know2Good"},
			"up":{"uv":		[8,7,9,8],"texture":"#block","cullface":"Know2Good"},
			"north":{"uv":	[8,7,9,9],"texture":"#block","cullface":"Know2Good"},
			"south":{"uv":	[8,7,9,9],"texture":"#block","cullface":"Know2Good"},
			"west":{"uv":	[8,7,9,9],"texture":"#block","cullface":"Know2Good"},
			"east":{"uv":	[8,7,9,9],"texture":"#block","cullface":"Know2Good"}
		}
	},
	{
		"__comment": "Pettal west",
		"from": [6.5,7,7.5],
		"to": [7.5,9,8.5],
		"faces": {
			"down":{"uv":	[7,8,8,9],"texture":"#block","cullface":"Know2Good"},
			"up":{"uv":		[7,7,8,8],"texture":"#block","cullface":"Know2Good"},
			"north":{"uv":	[7,7,8,9],"texture":"#block","cullface":"Know2Good"},
			"south":{"uv":	[7,7,8,9],"texture":"#block","cullface":"Know2Good"},
			"west":{"uv":	[7,7,8,9],"texture":"#block","cullface":"Know2Good"},
			"east":{"uv":	[7,7,8,9],"texture":"#block","cullface":"Know2Good"}
		}
	},
	{
		"__comment": "Pettal west",
		"from": [5.5,8,7.5],
		"to": [6.5,10,8.5],
		"faces": {
			"down":{"uv":	[8,8,9,9],"texture":"#block","cullface":"Know2Good"},
			"up":{"uv":		[8,7,9,8],"texture":"#block","cullface":"Know2Good"},
			"north":{"uv":	[8,7,9,9],"texture":"#block","cullface":"Know2Good"},
			"south":{"uv":	[8,7,9,9],"texture":"#block","cullface":"Know2Good"},
			"west":{"uv":	[8,7,9,9],"texture":"#block","cullface":"Know2Good"},
			"east":{"uv":	[8,7,9,9],"texture":"#block","cullface":"Know2Good"}
		}
	},
	{
		"__comment": "Pettal west",
		"from": [5.5,8.25,6.5],
		"to": [6.5,9,9.5],
		"faces": {
			"down":{"uv":	[6,6,9,7],"texture":"#block","cullface":"Know2Good","rotation":270},
			"up":{"uv":		[6,6,9,7],"texture":"#block","cullface":"Know2Good","rotation":90},
			"north":{"uv":	[6,6,7,7],"texture":"#block","cullface":"Know2Good"},
			"south":{"uv":	[8,6,8,7],"texture":"#block","cullface":"Know2Good"},
			"west":{"uv":	[6,6,9,7],"texture":"#block","cullface":"Know2Good"}
		}
	},
	{
		"__comment": "Leaf north",
		"from": [8,3,5.5],
		"to": [9,4,7.5],
		"faces": {
			"down":{"uv":	[6,12,8,13],"texture":"#block","cullface":"Know2Good","rotation":270},
			"up":{"uv":		[6,12,8,13],"texture":"#block","cullface":"Know2Good","rotation":90},
			"north":{"uv":	[6,12,7,13],"texture":"#block","cullface":"Know2Good"},
			"south":{"uv":	[7,12,8,13],"texture":"#block","cullface":"Know2Good"},
			"west":{"uv":	[6,12,8,13],"texture":"#block","cullface":"Know2Good"},
			"east":{"uv":	[6,12,8,13],"texture":"#block","cullface":"Know2Good","rotation":180}
		}
	},
	{
		"__comment": "Leaf north",
		"from": [7.5,4,5.5],
		"to": [8.5,5,7.5],
		"faces": {
			"down":{"uv":	[6,11,8,12],"texture":"#block","cullface":"Know2Good","rotation":270},
			"up":{"uv":		[6,11,8,12],"texture":"#block","cullface":"Know2Good","rotation":90},
			"north":{"uv":	[6,11,7,12],"texture":"#block","cullface":"Know2Good"},
			"west":{"uv":	[6,11,8,12],"texture":"#block","cullface":"Know2Good"},
			"east":{"uv":	[6,11,8,12],"texture":"#block","cullface":"Know2Good","rotation":180}
		}
	},
	{
		"__comment": "Leaf north",
		"from": [7.5,3,4.5],
		"to": [8.5,4,5.5],
		"faces": {
			"down":{"uv":	[5,12,6,13],"texture":"#block","cullface":"Know2Good"},
			"up":{"uv":		[5,12,6,13],"texture":"#block","cullface":"Know2Good"},
			"north":{"uv":	[5,12,6,13],"texture":"#block","cullface":"Know2Good"},
			"south":{"uv":	[5,12,6,13],"texture":"#block","cullface":"Know2Good"},
			"west":{"uv":	[5,12,6,13],"texture":"#block","cullface":"Know2Good"},
			"east":{"uv":	[5,12,6,13],"texture":"#block","cullface":"Know2Good"}
		}
	},
	{
		"__comment": "Leaf north",
		"from": [8,2,4.5],
		"to": [9,3,5.5],
		"faces": {
			"down":{"uv":	[5,13,6,14],"texture":"#block","cullface":"Know2Good"},
			"up":{"uv":		[5,13,6,14],"texture":"#block","cullface":"Know2Good"},
			"north":{"uv":	[5,13,6,14],"texture":"#block","cullface":"Know2Good"},
			"south":{"uv":	[5,13,6,14],"texture":"#block","cullface":"Know2Good"},
			"west":{"uv":	[5,13,6,14],"texture":"#block","cullface":"Know2Good"},
			"east":{"uv":	[5,13,6,14],"texture":"#block","cullface":"Know2Good"}
		}
	},
	{
		"__comment": "Leaf east",
		"from": [8.5,4,7],
		"to": [10.5,5,8],
		"faces": {
			"down":{"uv":	[9,11,11,12],"texture":"#block","cullface":"Know2Good"},
			"up":{"uv":		[9,11,11,12],"texture":"#block","cullface":"Know2Good"},
			"north":{"uv":	[9,11,11,12],"texture":"#block","cullface":"Know2Good","rotation":180},
			"south":{"uv":	[9,11,11,12],"texture":"#block","cullface":"Know2Good"},
			"west":{"uv":	[9,11,10,12],"texture":"#block","cullface":"Know2Good"},
			"east":{"uv":	[10,11,11,12],"texture":"#block","cullface":"Know2Good"}
		}
	},
	{
		"__comment": "Leaf east",
		"from": [8.5,5,7.5],
		"to": [10.5,6,8.5],
		"faces": {
			"down":{"uv":	[9,10,11,11],"texture":"#block","cullface":"Know2Good"},
			"up":{"uv":		[9,10,11,11],"texture":"#block","cullface":"Know2Good"},
			"north":{"uv":	[9,10,11,11],"texture":"#block","cullface":"Know2Good","rotation":180},
			"south":{"uv":	[9,10,10,11],"texture":"#block","cullface":"Know2Good"},
			"east":{"uv":	[10,10,11,11],"texture":"#block","cullface":"Know2Good"}
		}
	},
	{
		"__comment": "Leaf east",
		"from": [10.5,4,7.5],
		"to": [11.5,5,8.5],
		"faces": {
			"down":{"uv":	[11,12,12,13],"texture":"#block","cullface":"Know2Good"},
			"up":{"uv":		[11,12,12,13],"texture":"#block","cullface":"Know2Good"},
			"north":{"uv":	[11,12,12,13],"texture":"#block","cullface":"Know2Good"},
			"south":{"uv":	[11,12,12,13],"texture":"#block","cullface":"Know2Good"},
			"west":{"uv":	[11,12,12,13],"texture":"#block","cullface":"Know2Good"},
			"east":{"uv":	[11,12,12,13],"texture":"#block","cullface":"Know2Good"}
		}
	},
	{
		"__comment": "Leaf east",
		"from": [10.5,3,7],
		"to": [11.5,4,8],
		"faces": {
			"down":{"uv":	[11,11,12,12],"texture":"#block","cullface":"Know2Good"},
			"up":{"uv":		[11,11,12,12],"texture":"#block","cullface":"Know2Good"},
			"north":{"uv":	[11,11,12,12],"texture":"#block","cullface":"Know2Good"},
			"south":{"uv":	[11,11,12,12],"texture":"#block","cullface":"Know2Good"},
			"west":{"uv":	[11,11,12,12],"texture":"#block","cullface":"Know2Good"},
			"east":{"uv":	[11,11,12,12],"texture":"#block","cullface":"Know2Good"}
		}
	},
	{
		"__comment": "Leaf south",
		"from": [8,4,8.5],
		"to": [9,5,10.5],
		"faces": {
			"down":{"uv":	[9,11,11,12],"texture":"#block","cullface":"Know2Good","rotation":270},
			"up":{"uv":		[9,11,11,12],"texture":"#block","cullface":"Know2Good","rotation":90},
			"north":{"uv":	[9,11,10,12],"texture":"#block","cullface":"Know2Good"},
			"south":{"uv":	[10,11,11,12],"texture":"#block","cullface":"Know2Good"},
			"west":{"uv":	[9,11,11,12],"texture":"#block","cullface":"Know2Good"},
			"east":{"uv":	[9,11,11,12],"texture":"#block","cullface":"Know2Good","rotation":180}
		}
	},
	{
		"__comment": "Leaf south",
		"from": [7.5,5,8.5],
		"to": [8.5,6,10.5],
		"faces": {
			"down":{"uv":	[9,10,11,11],"texture":"#block","cullface":"Know2Good","rotation":270},
			"up":{"uv":		[9,10,11,11],"texture":"#block","cullface":"Know2Good","rotation":90},
			"south":{"uv":	[10,10,11,11],"texture":"#block","cullface":"Know2Good"},
			"west":{"uv":	[9,10,11,11],"texture":"#block","cullface":"Know2Good"},
			"east":{"uv":	[9,10,11,11],"texture":"#block","cullface":"Know2Good","rotation":180}
		}
	},
	{
		"__comment": "Leaf south",
		"from": [7.5,4,10.5],
		"to": [8.5,5,11.5],
		"faces": {
			"down":{"uv":	[11,11,12,12],"texture":"#block","cullface":"Know2Good"},
			"up":{"uv":		[11,11,12,12],"texture":"#block","cullface":"Know2Good"},
			"north":{"uv":	[11,11,12,12],"texture":"#block","cullface":"Know2Good"},
			"south":{"uv":	[11,11,12,12],"texture":"#block","cullface":"Know2Good"},
			"west":{"uv":	[11,11,12,12],"texture":"#block","cullface":"Know2Good"},
			"east":{"uv":	[11,11,12,12],"texture":"#block","cullface":"Know2Good"}
		}
	},
	{
		"__comment": "Leaf south",
		"from": [8,3,10.5],
		"to": [9,4,11.5],
		"faces": {
			"down":{"uv":	[11,12,12,13],"texture":"#block","cullface":"Know2Good"},
			"up":{"uv":		[11,12,12,13],"texture":"#block","cullface":"Know2Good"},
			"north":{"uv":	[11,12,12,13],"texture":"#block","cullface":"Know2Good"},
			"south":{"uv":	[11,12,12,13],"texture":"#block","cullface":"Know2Good"},
			"west":{"uv":	[11,12,12,13],"texture":"#block","cullface":"Know2Good"},
			"east":{"uv":	[11,12,12,13],"texture":"#block","cullface":"Know2Good"}
		}
	},
	{
		"__comment": "Leaf west",
		"from": [5.5,3,7],
		"to": [7.5,4,8],
		"faces": {
			"down":{"uv":	[6,12,8,13],"texture":"#block","cullface":"Know2Good"},
			"up":{"uv":		[6,12,8,13],"texture":"#block","cullface":"Know2Good"},
			"north":{"uv":	[6,12,8,13],"texture":"#block","cullface":"Know2Good","rotation":180},
			"south":{"uv":	[6,12,8,13],"texture":"#block","cullface":"Know2Good"},
			"west":{"uv":	[6,12,7,13],"texture":"#block","cullface":"Know2Good"},
			"east":{"uv":	[7,12,8,13],"texture":"#block","cullface":"Know2Good"}
		}
	},
	{
		"__comment": "Leaf west",
		"from": [5.5,4,7.5],
		"to": [7.5,5,8.5],
		"faces": {
			"down":{"uv":	[6,11,8,12],"texture":"#block","cullface":"Know2Good"},
			"up":{"uv":		[6,11,8,12],"texture":"#block","cullface":"Know2Good"},
			"north":{"uv":	[6,11,8,12],"texture":"#block","cullface":"Know2Good","rotation":180},
			"south":{"uv":	[6,11,8,12],"texture":"#block","cullface":"Know2Good"},
			"west":{"uv":	[6,11,7,12],"texture":"#block","cullface":"Know2Good"}
		}
	},
	{
		"__comment": "Leaf west",
		"from": [4.5,3,7.5],
		"to": [5.5,4,8.5],
		"faces": {
			"down":{"uv":	[5,13,6,14],"texture":"#block","cullface":"Know2Good"},
			"up":{"uv":		[5,13,6,14],"texture":"#block","cullface":"Know2Good"},
			"north":{"uv":	[5,13,6,14],"texture":"#block","cullface":"Know2Good"},
			"south":{"uv":	[5,13,6,14],"texture":"#block","cullface":"Know2Good"},
			"west":{"uv":	[5,13,6,14],"texture":"#block","cullface":"Know2Good"},
			"east":{"uv":	[5,13,6,14],"texture":"#block","cullface":"Know2Good"}
		}
	},
	{
		"__comment": "Leaf west",
		"from": [4.5,2,7],
		"to": [5.5,3,8],
		"faces": {
			"down":{"uv":	[5,12,6,13],"texture":"#block","cullface":"Know2Good"},
			"up":{"uv":		[5,12,6,13],"texture":"#block","cullface":"Know2Good"},
			"north":{"uv":	[5,12,6,13],"texture":"#block","cullface":"Know2Good"},
			"south":{"uv":	[5,12,6,13],"texture":"#block","cullface":"Know2Good"},
			"west":{"uv":	[5,12,6,13],"texture":"#block","cullface":"Know2Good"},
			"east":{"uv":	[5,12,6,13],"texture":"#block","cullface":"Know2Good"}
		}
	},
	{
		"__comment": "Stem",
		"from": [7.5,1,7.5],
		"to": [8.5,8,8.5],
		"faces": {
			"up":{"uv":		[8,8,9,9],"texture":"#block","cullface":"Know2Good"},
			"north":{"uv":	[8,8,9,15],"texture":"#block","cullface":"Know2Good"},
			"south":{"uv":	[8,8,9,15],"texture":"#block","cullface":"Know2Good"},
			"west":{"uv":	[8,8,9,15],"texture":"#block","cullface":"Know2Good"},
			"east":{"uv":	[8,8,9,15],"texture":"#block","cullface":"Know2Good"}
		}
	},
	{
		"__comment": "Stem north-south",
		"from": [7.5,0,6.5],
		"to": [8.5,1,9.5],
		"faces": {
			"down":{"uv":	[7,15,10,16],"texture":"#block","cullface":"down","rotation":270},
			"up":{"uv":		[7,15,10,16],"texture":"#block","cullface":"Know2Good","rotation":90},
			"north":{"uv":	[7,15,8,16],"texture":"#block","cullface":"Know2Good"},
			"south":{"uv":	[9,15,10,16],"texture":"#block","cullface":"Know2Good"},
			"west":{"uv":	[7,15,10,16],"texture":"#block","cullface":"Know2Good"},
			"east":{"uv":	[7,15,10,16],"texture":"#block","cullface":"Know2Good","rotation":180}
		}
	},
	{
		"__comment": "Stem east-west",
		"from": [6.5,0,7.5],
		"to": [9.5,1,8.5],
		"faces": {
			"down":{"uv":	[7,15,10,16],"texture":"#block","cullface":"down"},
			"up":{"uv":		[7,15,10,16],"texture":"#block","cullface":"Know2Good"},
			"north":{"uv":	[7,15,10,16],"texture":"#block","cullface":"Know2Good","rotation":180},
			"south":{"uv":	[7,15,10,16],"texture":"#block","cullface":"Know2Good"},
			"west":{"uv":	[7,15,8,16],"texture":"#block","cullface":"Know2Good"},
			"east":{"uv":	[9,15,10,16],"texture":"#block","cullface":"Know2Good"}
            }
        }
    ]
}