{
"__comment":"Made by Know2Good, part of the 'Default 3D' resource pack || Official download page: http://www.planetminecraft.com/texture_pack/default-3d-2985741/ || © Know2Good. All rights reserved. ",
"__comment":"OK",

"parent": "block/block_display",

"elements":[
	{
		"__comment":"Block",
		"from":[0,0,0],
		"to":[16,8,16],
		"faces": {
			"down":{	"texture":"#main","cullface":"down"},
			"up":{		"texture":"#main","cullface":"Know2Good"},
			"north":{	"texture":"#north","cullface":"north"},
			"south":{	"texture":"#south","cullface":"south"},
			"west":{	"texture":"#west","cullface":"west"},
			"east":{	"texture":"#east","cullface":"east"}
		}
	},
	{
		"__comment":"Top",
		"from":[0.001,8,0.001],
		"to":[15.01,8.75,15.01],
		"faces": {
			"up":{"uv":		[0,0,15,15],"texture":"#main","cullface":"Know2Good"},
			"north":{"uv":	[0,0,15,1],"texture":"#main","cullface":"Know2Good","rotation":180},
			"south":{"uv":	[0,14,15,15],"texture":"#main","cullface":"Know2Good"},
			"west":{"uv":	[0,0,1,15],"texture":"#main","cullface":"Know2Good","rotation":270},
			"east":{"uv":	[14,0,15,15],"texture":"#main","cullface":"Know2Good","rotation":90}
		}
	},
	{
		"__comment":"North",
		"from":[0.99,0.99,-0.75],
		"to":[15.999,7.998,0],
		"faces": {
			"down":{"uv":	[0,14,15,15],"texture":"#north","cullface":"north","rotation":180},
			"up":{"uv":		[0,8,15,9],"texture":"#north","cullface":"north","rotation":180},
			"north":{"uv":	[0,8,15,15],"texture":"#north","cullface":"north"},
			"west":{"uv":	[14,8,15,15],"texture":"#north","cullface":"north"},
			"east":{"uv":	[0,8,1,15],"texture":"#north","cullface":"north"}
		}
	},
	{
		"__comment":"East",
		"from":[16,0.99,0.99],
		"to":[16.75,7.998,15.999],
		"faces": {
			"down":{"uv":	[0,14,15,15],"texture":"#east","cullface":"east","rotation":90},
			"up":{"uv":		[0,8,15,9],"texture":"#east","cullface":"east","rotation":270},
			"north":{"uv":	[14,8,15,15],"texture":"#east","cullface":"east"},
			"south":{"uv":	[0,8,1,15],"texture":"#east","cullface":"east"},
			"east":{"uv":	[0,8,15,15],"texture":"#east","cullface":"east"}
		}
	},
	{
		"__comment":"South",
		"from":[0.001,0.99,16],
		"to":[15.01,7.998,16.75],
		"faces": {
			"down":{"uv":	[0,14,15,15],"texture":"#south","cullface":"south"},
			"up":{"uv":		[0,8,15,9],"texture":"#south","cullface":"south"},
			"south":{"uv":	[0,8,15,15],"texture":"#south","cullface":"south"},
			"west":{"uv":	[0,8,1,15],"texture":"#south","cullface":"south"},
			"east":{"uv":	[14,8,15,15],"texture":"#south","cullface":"south"}
		}
	},
	{
		"__comment":"West",
		"from":[-0.75,0.99,0.001],
		"to":[0,7.998,15.01],
		"faces": {
			"down":{"uv":	[0,14,15,15],"texture":"#west","cullface":"west","rotation":270},
			"up":{"uv":		[0,8,15,9],"texture":"#west","cullface":"west","rotation":90},
			"north":{"uv":	[0,8,1,15],"texture":"#west","cullface":"west"},
			"south":{"uv":	[14,8,15,15],"texture":"#west","cullface":"west"},
			"west":{"uv":	[0,8,15,15],"texture":"#west","cullface":"west"}
		}
	},
	{
		"__comment":"Bottom",
		"from":[0.001,-0.75,0.99],
		"to":[15.01,0,15.999],
		"faces": {
			"down":{"uv":	[0,0,15,15],"texture":"#main","cullface":"down"},
			"north":{"uv":	[0,14,15,15],"texture":"#main","cullface":"down","rotation":180},
			"south":{"uv":	[0,0,15,1],"texture":"#main","cullface":"down"},
			"west":{"uv":	[0,0,1,15],"texture":"#main","cullface":"down","rotation":90},
			"east":{"uv":	[14,0,15,15],"texture":"#main","cullface":"down","rotation":270}
            }
        }
    ]
}